Algorithm,Heuristic/Depth Limit,Depth,Nodes Generated,Effective Branching Factor
A*,Manhattan,20,511,1.3659067304662622
A*,Misplaced Titles,20,4880,1.5290475495743636
IDS,N/A,26,1773,1.333368945210333
A*,Manhattan,26,3899,1.3744013908162411
A*,Misplaced Titles,26,42708,1.5069419018964374
IDS,N/A,30,25972,1.4032988839269425
A*,Manhattan,23,1324,1.3668921841141843
A*,Misplaced Titles,23,18220,1.5319381571052895
IDS,N/A,23,3672,1.4288800358845377
A*,Manhattan,24,1225,1.3448453232292723
A*,Misplaced Titles,24,19813,1.5102178298789413
IDS,N/A,26,8542,1.4164910327063596
A*,Manhattan,25,2415,1.3655785467910353
A*,Misplaced Titles,25,37528,1.5239622764923688
IDS,N/A,25,13932,1.4647399896641806
A*,Manhattan,26,4255,1.3790279235432408
A*,Misplaced Titles,26,47142,1.5126778989842067
IDS,N/A,30,79196,1.456431650435594
A*,Manhattan,24,1224,1.3447995622888418
A*,Misplaced Titles,24,23181,1.520129219426006
IDS,N/A,28,17636,1.417937688341584
A*,Manhattan,24,2616,1.3880386923432226
A*,Misplaced Titles,24,20942,1.5137091046789728
IDS,N/A,32,46581,1.3992055697250707
A*,Manhattan,26,2530,1.3517278159079105
A*,Misplaced Titles,26,51211,1.5175022931171438
IDS,N/A,26,48378,1.514184393922754
A*,Manhattan,23,802,1.3374219628002317
A*,Misplaced Titles,23,16804,1.5265590016166197
IDS,N/A,39,43163,1.314767669002024
A*,Manhattan,20,787,1.3957213974849727
A*,Misplaced Titles,20,4518,1.5231662611835899
IDS,N/A,24,37444,1.550806430595528
A*,Manhattan,22,1091,1.3743044198247691
A*,Misplaced Titles,20,4605,1.524619540713692
IDS,N/A,24,16649,1.4993090866036256
A*,Manhattan,17,129,1.3309211785050463
A*,Misplaced Titles,17,1077,1.5078760026306288
IDS,N/A,17,1442,1.5339863174829431
A*,Manhattan,19,335,1.3579916360488282
A*,Misplaced Titles,19,2402,1.5063465422839803
IDS,N/A,21,4509,1.492807542575259
A*,Manhattan,26,1913,1.3372721698487544
A*,Misplaced Titles,26,49379,1.5153775791343342
IDS,N/A,28,28063,1.4416569567477922
A*,Manhattan,24,4316,1.4172998021567849
A*,Misplaced Titles,24,21232,1.5145767568635817
IDS,N/A,28,13333,1.4038440085823771
A*,Manhattan,22,1161,1.378194636494338
A*,Misplaced Titles,22,10845,1.5255256889026707
IDS,N/A,32,55107,1.40657440856459
A*,Manhattan,24,1238,1.3454369796467578
A*,Misplaced Titles,24,23499,1.5209924474541874
IDS,N/A,34,57917,1.3806466107512332
A*,Manhattan,18,353,1.385297464030795
A*,Misplaced Titles,18,1814,1.5171740456238931
IDS,N/A,22,10284,1.5218470370511437
A*,Manhattan,25,2585,1.3692994127370017
A*,Misplaced Titles,25,36794,1.5227586674582378
IDS,N/A,35,28289,1.340260055171381
A*,Manhattan,27,4320,1.3634761516867582
A*,Misplaced Titles,27,73322,1.514237032104764
IDS,N/A,35,55029,1.3659835674225418
A*,Manhattan,22,989,1.3681864530237016
A*,Misplaced Titles,22,9263,1.514631183174791
IDS,N/A,26,6502,1.4017018692762946
A*,Manhattan,26,2483,1.3507532702847915
A*,Misplaced Titles,26,47669,1.5133248215796546
IDS,N/A,34,20746,1.3395800097752022
A*,Manhattan,23,579,1.3186102862977205
A*,Misplaced Titles,23,16179,1.5240453805534877
IDS,N/A,31,19320,1.3748594220012964
A*,Manhattan,24,2102,1.3754443689276181
A*,Misplaced Titles,22,10377,1.5224699132310504
IDS,N/A,28,20089,1.4245479851822127
A*,Manhattan,20,612,1.3782803709526394
A*,Misplaced Titles,22,10902,1.5258892313096208
IDS,N/A,20,2235,1.47049609779884
A*,Manhattan,20,464,1.3593331214502014
A*,Misplaced Titles,20,4367,1.520579599557525
IDS,N/A,20,4710,1.526339155304332
A*,Manhattan,21,1081,1.394658538948544
A*,Misplaced Titles,21,8504,1.5385971255407205
IDS,N/A,33,36431,1.3747584467456868
A*,Manhattan,17,370,1.416024245960964
A*,Misplaced Titles,17,1186,1.51645145146291
IDS,N/A,21,5091,1.5014623040026807
A*,Manhattan,26,2548,1.3520964425643203
A*,Misplaced Titles,24,21442,1.5151979956205173
IDS,N/A,30,70212,1.4505979013295758
A*,Manhattan,25,3313,1.3829575749258969
A*,Misplaced Titles,25,36042,1.521501396445878
IDS,N/A,25,10077,1.445883328983728
A*,Manhattan,15,81,1.340393566225653
A*,Misplaced Titles,15,490,1.5112851165083354
IDS,N/A,15,1227,1.6066562612623956
A*,Manhattan,18,307,1.3745937160221073
A*,Misplaced Titles,18,2123,1.5304902075899098
IDS,N/A,18,4877,1.6028665852276733
A*,Manhattan,20,639,1.381258752228505
A*,Misplaced Titles,20,4617,1.5248179427436384
IDS,N/A,28,20688,1.4260435998644416
A*,Manhattan,20,581,1.3747027663766969
A*,Misplaced Titles,20,4313,1.5196338988567069
IDS,N/A,24,13314,1.4854094745357318
A*,Manhattan,19,376,1.3662689617922936
A*,Misplaced Titles,19,3561,1.5378884693115134
IDS,N/A,19,8211,1.607018383284944
A*,Manhattan,21,458,1.3387758818409747
A*,Misplaced Titles,21,7773,1.5320259691917752
IDS,N/A,33,10344,1.323296694406948
A*,Manhattan,18,436,1.401645342629621
A*,Misplaced Titles,18,2472,1.5434859927407072
IDS,N/A,16,1719,1.5929595294068588
A*,Manhattan,18,528,1.4166332799162562
A*,Misplaced Titles,18,2208,1.5338317596280444
IDS,N/A,18,3603,1.5761315371273248
A*,Manhattan,26,3474,1.3683139734828544
A*,Misplaced Titles,26,51962,1.5183522348352843
IDS,N/A,32,47397,1.3999651160510795
A*,Manhattan,25,3456,1.3852971774752674
A*,Misplaced Titles,25,35591,1.5207352317900298
IDS,N/A,29,30869,1.4282726592680328
A*,Manhattan,22,1218,1.3812003983210883
A*,Misplaced Titles,22,11072,1.5269628041666434
IDS,N/A,26,9091,1.4198886725509665
A*,Manhattan,21,598,1.3558881523100357
A*,Misplaced Titles,21,8265,1.536509940155406
IDS,N/A,25,31495,1.513316141808585
A*,Manhattan,22,262,1.288020531747397
A*,Misplaced Titles,20,4461,1.5221996269168312
IDS,N/A,24,15989,1.4967843062165729
A*,Manhattan,20,653,1.3827563420958313
A*,Misplaced Titles,18,1905,1.5213053332473045
IDS,N/A,22,12956,1.537908499863196
A*,Manhattan,22,598,1.3372533365953432
A*,Misplaced Titles,22,9106,1.5134547420281947
IDS,N/A,28,50643,1.4723753935689807
A*,Manhattan,28,6689,1.3696829281595522
A*,Misplaced Titles,28,86786,1.500974114571177
IDS,N/A,32,796,1.2321214928279245
A*,Manhattan,21,1332,1.408594263735537
A*,Misplaced Titles,21,7914,1.5333380290336398
IDS,N/A,27,24609,1.4542300341374532
A*,Manhattan,16,128,1.3542555469368927
A*,Misplaced Titles,16,633,1.4965379413552977
IDS,N/A,26,3042,1.3613433114367763
A*,Manhattan,14,181,1.4496486497002516
A*,Misplaced Titles,14,416,1.53843125688779
IDS,N/A,18,1555,1.5042442330912382
A*,Manhattan,26,1924,1.337567104919325
A*,Misplaced Titles,26,41283,1.5049763090965023
IDS,N/A,36,78765,1.3677579813048353
A*,Manhattan,22,1715,1.402852484534687
A*,Misplaced Titles,22,14055,1.5436106486561525
IDS,N/A,26,4983,1.3874303420806573
A*,Manhattan,21,1572,1.4197504852642542
A*,Misplaced Titles,21,9009,1.5428294943760175
IDS,N/A,29,44265,1.4461354809737597
A*,Manhattan,20,557,1.3718061949438258
A*,Misplaced Titles,20,6346,1.549262480416429
IDS,N/A,24,15205,1.4936520330899703
A*,Manhattan,24,1298,1.3480927679182693
A*,Misplaced Titles,24,19872,1.5104049459963378
IDS,N/A,28,79023,1.4959592666572674
A*,Manhattan,24,1187,1.343080715249426
A*,Misplaced Titles,24,20067,1.511019615099025
IDS,N/A,36,36248,1.3385875431098857
A*,Manhattan,27,8232,1.396428542645528
A*,Misplaced Titles,27,73000,1.513990217052494
IDS,N/A,37,80045,1.3568209671759264
A*,Manhattan,26,4840,1.3858774286329756
A*,Misplaced Titles,26,50333,1.5164932896645826
IDS,N/A,36,56881,1.3554466322578254
A*,Manhattan,24,1158,1.3416972304763406
A*,Misplaced Titles,22,8731,1.5105644934945963
IDS,N/A,32,46309,1.3989495207835114
A*,Manhattan,20,462,1.3590395602301084
A*,Misplaced Titles,20,4264,1.5187659776158666
IDS,N/A,24,8610,1.4586747478594404
A*,Manhattan,27,5106,1.3719438155451533
A*,Misplaced Titles,27,73571,1.514427177592255
IDS,N/A,33,61548,1.3967789946466045
A*,Manhattan,21,595,1.3555634657670492
A*,Misplaced Titles,21,8170,1.5356643006343125
IDS,N/A,25,17997,1.4798169745036374
A*,Manhattan,25,4165,1.3956759671623205
A*,Misplaced Titles,25,37421,1.5237882330624517
IDS,N/A,35,60738,1.3698414381909394
A*,Manhattan,21,624,1.3586388471405892
A*,Misplaced Titles,21,8024,1.5343462532148857
IDS,N/A,23,7315,1.472344094381076
A*,Manhattan,25,4600,1.4012328598674955
A*,Misplaced Titles,25,37101,1.5232648638697663
IDS,N/A,25,17679,1.4787620882831978
A*,Manhattan,24,1941,1.3708851246810445
A*,Misplaced Titles,24,23774,1.5217299703596314
IDS,N/A,30,55204,1.4390162059294278
A*,Manhattan,18,149,1.320482258200643
A*,Misplaced Titles,18,1859,1.5192408618333946
IDS,N/A,20,9152,1.5778866456915648
A*,Manhattan,23,1062,1.3538502552058413
A*,Misplaced Titles,23,18507,1.532979505954227
IDS,N/A,37,50397,1.3399605687932583
A*,Manhattan,22,613,1.3387600646861015
A*,Misplaced Titles,22,8793,1.5110504268253169
IDS,N/A,28,19265,1.4224187379721618
A*,Manhattan,22,1200,1.3802659801107746
A*,Misplaced Titles,22,9632,1.5173229319192085
IDS,N/A,26,17024,1.4545650186862393
A*,Manhattan,27,5838,1.3787682138471427
A*,Misplaced Titles,27,60290,1.5033016066883038
IDS,N/A,27,14537,1.42615172964643
A*,Manhattan,25,962,1.316215506226095
A*,Misplaced Titles,25,34398,1.5186627047265964
IDS,N/A,37,71462,1.3526680144957421
A*,Manhattan,20,464,1.3593331214502014
A*,Misplaced Titles,20,4241,1.518355313538522
IDS,N/A,30,18356,1.3871580130596
A*,Manhattan,17,154,1.3448618977829507
A*,Misplaced Titles,17,1041,1.5048634760630772
IDS,N/A,17,3721,1.6219550122176278
A*,Manhattan,21,595,1.3555634657670492
A*,Misplaced Titles,21,8161,1.5355837024298473
IDS,N/A,25,14453,1.4668926081135079
A*,Manhattan,22,956,1.3660775641652458
A*,Misplaced Titles,22,9599,1.5170862506113145
IDS,N/A,28,27410,1.4404452349858083
A*,Manhattan,23,670,1.3270057891559066
A*,Misplaced Titles,23,17344,1.5286597744947623
IDS,N/A,23,12947,1.5093500134425408
A*,Manhattan,22,1402,1.3900614539191565
A*,Misplaced Titles,22,10049,1.520248819433125
IDS,N/A,24,17851,1.5036702462654585
A*,Manhattan,24,1251,1.3460227117614305
A*,Misplaced Titles,24,22553,1.5183906239602878
IDS,N/A,36,66997,1.3616236724962376
A*,Manhattan,23,2968,1.4157177955018407
A*,Misplaced Titles,23,18014,1.5311809901277347
IDS,N/A,33,30441,1.3672955217253397
A*,Manhattan,23,1371,1.3689668536088424
A*,Misplaced Titles,23,17987,1.531081136509065
IDS,N/A,27,8279,1.3967230230428558
A*,Manhattan,17,132,1.3327222334883366
A*,Misplaced Titles,17,1208,1.5180918717780305
IDS,N/A,21,13821,1.5745938325641524
A*,Manhattan,22,1201,1.380318242130038
A*,Misplaced Titles,22,9874,1.519035310208821
IDS,N/A,28,37509,1.4566727020060641
A*,Manhattan,18,246,1.3577810033035793
A*,Misplaced Titles,18,2069,1.5283010663985084
IDS,N/A,20,8813,1.5749116243114252
A*,Manhattan,25,923,1.3140384341655356
A*,Misplaced Titles,25,35551,1.520666829948491
IDS,N/A,27,2595,1.3379797234840292
A*,Manhattan,14,190,1.454682165383272
A*,Misplaced Titles,14,463,1.5502389421744351
IDS,N/A,14,3467,1.7900033585223252
A*,Manhattan,20,459,1.3585969468596408
A*,Misplaced Titles,20,4514,1.5230988062396997
IDS,N/A,20,9449,1.5804082658044611
A*,Manhattan,23,559,1.3165964728887016
A*,Misplaced Titles,23,18518,1.5330191102002042
IDS,N/A,33,10363,1.3233702849314624
A*,Manhattan,26,6744,1.4036733679157103
A*,Misplaced Titles,26,43929,1.508576570106708
IDS,N/A,32,38186,1.3905432628273096
A*,Manhattan,27,2166,1.3290548531370516
A*,Misplaced Titles,27,64682,1.5072217911431205
IDS,N/A,33,80090,1.407969612105404
A*,Manhattan,17,494,1.4403051925788506
A*,Misplaced Titles,17,1720,1.5499768180066336
IDS,N/A,17,919,1.4938695573726886
A*,Manhattan,24,1234,1.3452555681788425
A*,Misplaced Titles,24,20130,1.511216977527568
IDS,N/A,26,26782,1.4801361102961261
A*,Manhattan,22,1168,1.378571259689257
A*,Misplaced Titles,22,11201,1.527767007672115
IDS,N/A,34,31321,1.3559087376689622
A*,Manhattan,25,2373,1.364620557660409
A*,Misplaced Titles,25,37487,1.523895643319198
IDS,N/A,33,13700,1.3346124402582071
A*,Manhattan,21,1059,1.3932936723567375
A*,Misplaced Titles,19,3798,1.543112642878558
IDS,N/A,27,22601,1.4496527616643529
A*,Manhattan,20,670,1.3845343664721892
A*,Misplaced Titles,20,4762,1.527177333348124
IDS,N/A,24,11305,1.4753201484399316
A*,Manhattan,22,275,1.2908588566211594
A*,Misplaced Titles,22,8488,1.5086276470400997
IDS,N/A,22,10004,1.5199387124255466
A*,Manhattan,25,2524,1.367992051595736
A*,Misplaced Titles,25,39078,1.5264314066122766
IDS,N/A,31,23070,1.38274937484083
A*,Manhattan,27,4397,1.364368615977216
A*,Misplaced Titles,27,59950,1.5029867608351053
IDS,N/A,31,5627,1.3212246712478584
A*,Manhattan,25,3719,1.3893672167717814
A*,Misplaced Titles,25,36701,1.5226045242225077
IDS,N/A,37,65490,1.3494813646133788
A*,Manhattan,25,2173,1.3598230203850843
A*,Misplaced Titles,25,36195,1.5217592252982814
IDS,N/A,31,57052,1.4237314960771816
A*,Manhattan,27,2686,1.3396887988132162
A*,Misplaced Titles,27,73493,1.5143676806886475
IDS,N/A,29,18162,1.4023864690392474
A*,Manhattan,24,1038,1.3355953234954487
A*,Misplaced Titles,24,19716,1.50990903455057
IDS,N/A,26,9540,1.4225238381245664
A*,Manhattan,15,216,1.4309690811052556
A*,Misplaced Titles,15,724,1.5511337153507918
IDS,N/A,19,336,1.3582046879218632
A*,Manhattan,28,13862,1.40579616223185
A*,Misplaced Titles,28,94578,1.5055902380483501
IDS,N/A,32,17498,1.357042308543097
A*,Manhattan,26,1912,1.3372452767617011
A*,Misplaced Titles,26,47215,1.5127679243417083
IDS,N/A,44,79293,1.2922491244188883
A*,Manhattan,22,1229,1.3817649638983407
A*,Misplaced Titles,22,14073,1.5437004517759456
IDS,N/A,22,29719,1.5970544969408964
A*,Manhattan,16,108,1.3399512084497855
A*,Misplaced Titles,16,840,1.523236912434447
IDS,N/A,26,27010,1.480618778687805
A*,Manhattan,20,688,1.3863708616128878
A*,Misplaced Titles,20,4509,1.523014407660377
IDS,N/A,20,6323,1.5489812439977946
A*,Manhattan,21,952,1.3862445594058719
A*,Misplaced Titles,19,3188,1.5289585105780457
IDS,N/A,23,9744,1.4908136474693048
A*,Manhattan,28,5034,1.355848565978465
A*,Misplaced Titles,28,91977,1.504091505606511
IDS,N/A,42,44563,1.2902975336649412
A*,Manhattan,23,263,1.2741350632191244
A*,Misplaced Titles,23,17056,1.5275472768235616
IDS,N/A,31,74895,1.4362843015805977
A*,Manhattan,18,495,1.411563073954489
A*,Misplaced Titles,18,1936,1.5226702163025172
IDS,N/A,22,674,1.344545333816088
A*,Manhattan,16,112,1.34300035175168
A*,Misplaced Titles,16,658,1.500165309257883
IDS,N/A,16,3164,1.6548734167483958
A*,Manhattan,24,2529,1.386083949573439
A*,Misplaced Titles,22,9173,1.5139591401119847
IDS,N/A,26,29700,1.4860351912460588
A*,Manhattan,14,144,1.4261616352273787
A*,Misplaced Titles,14,483,1.5549288064896962
IDS,N/A,20,3584,1.505630486985899
A*,Manhattan,20,748,1.3921790045937863
A*,Misplaced Titles,20,4361,1.5204750719973943
IDS,N/A,22,2854,1.4357078979838542
A*,Manhattan,25,3333,1.3832905579496702
A*,Misplaced Titles,25,35742,1.5209927853013214
IDS,N/A,33,61730,1.396903977174376
A*,Manhattan,24,2601,1.3877061553867114
A*,Misplaced Titles,24,31664,1.5400101174244567
IDS,N/A,40,64341,1.3189009927731676
A*,Manhattan,15,54,1.3046466916751482
A*,Misplaced Titles,15,517,1.5166988921400562
IDS,N/A,17,1718,1.5498707423843887
A*,Manhattan,26,4347,1.3801629691826962
A*,Misplaced Titles,26,51884,1.5182645102051036
IDS,N/A,34,35391,1.3607895506220746
A*,Manhattan,18,282,1.368122390199792
A*,Misplaced Titles,18,1961,1.5237559759523398
IDS,N/A,20,5202,1.5339405116446363
A*,Manhattan,20,151,1.28513528355999
A*,Misplaced Titles,20,4159,1.5168737857244783
IDS,N/A,22,5413,1.4780928919421863
A*,Manhattan,19,643,1.4054020332819968
A*,Misplaced Titles,19,3833,1.5438578354260841
IDS,N/A,19,8745,1.6123563889458707
A*,Manhattan,17,286,1.3947363494992573
A*,Misplaced Titles,17,1175,1.5156204717770878
IDS,N/A,21,8324,1.5370304791459852
A*,Manhattan,22,1193,1.3798989776851394
A*,Misplaced Titles,22,10681,1.5244694422078098
IDS,N/A,32,14039,1.3477342195733344
A*,Manhattan,25,2232,1.361280952012001
A*,Misplaced Titles,25,35254,1.5201566231247254
IDS,N/A,31,30340,1.395022292252434
A*,Manhattan,27,4484,1.365359052881763
A*,Misplaced Titles,27,73785,1.5145901012834222
IDS,N/A,29,19140,1.4049250953530064
A*,Manhattan,28,10572,1.3922585652512856
A*,Misplaced Titles,28,90910,1.503464830787168
IDS,N/A,32,49716,1.40205646915246
A*,Manhattan,16,136,1.3593966075237955
A*,Misplaced Titles,16,882,1.5278889379277611
IDS,N/A,28,30511,1.4459695872571012
A*,Manhattan,28,7753,1.3769229389078939
A*,Misplaced Titles,28,86377,1.5007209064989089
IDS,N/A,32,46020,1.3986758674706512
A*,Manhattan,28,10318,1.3910498612612117
A*,Misplaced Titles,28,92866,1.504608306105512
IDS,N/A,28,7400,1.3746332582328225
A*,Manhattan,20,645,1.38190435577292
A*,Misplaced Titles,20,4612,1.5247353348344608
IDS,N/A,24,18949,1.5074147562881897
A*,Manhattan,22,532,1.3301636460244617
A*,Misplaced Titles,22,10054,1.520283193905455
IDS,N/A,30,16600,1.3825163293529752
A*,Manhattan,20,919,1.4065843322877563
A*,Misplaced Titles,20,4635,1.52511462916488
IDS,N/A,28,37765,1.4570266042709914
A*,Manhattan,26,7897,1.4122201047054295
A*,Misplaced Titles,26,46602,1.5120077644863488
IDS,N/A,36,35874,1.3382019587140714
A*,Manhattan,13,37,1.3201731686397005
A*,Misplaced Titles,13,239,1.5238902299395998
IDS,N/A,15,5194,1.7688871608058596
A*,Manhattan,28,4827,1.353816813772144
A*,Misplaced Titles,28,87472,1.5013962383942223
IDS,N/A,32,48067,1.4005793513820048
A*,Manhattan,20,128,1.2745606273192622
A*,Misplaced Titles,20,4108,1.515938286915817
IDS,N/A,20,15145,1.6181302017129242
A*,Manhattan,18,376,1.3901638516456818
A*,Misplaced Titles,18,1923,1.5221003771532626
IDS,N/A,22,12280,1.5341670572967518
A*,Manhattan,20,563,1.3725412950361797
A*,Misplaced Titles,20,4741,1.5268398900890048
IDS,N/A,22,15499,1.5504877845334528
A*,Manhattan,18,259,1.3616710654706206
A*,Misplaced Titles,18,1823,1.5175912536902476
IDS,N/A,18,1985,1.524786075471459
A*,Manhattan,20,946,1.4086222914452329
A*,Misplaced Titles,20,4904,1.5294226693214596
IDS,N/A,24,2681,1.3894588860805726
A*,Manhattan,22,845,1.3584352461648481
A*,Misplaced Titles,22,10721,1.5247284835436925
IDS,N/A,36,6475,1.2760502338958946
A*,Manhattan,24,2339,1.381580704834415
A*,Misplaced Titles,24,19960,1.5106830475386708
IDS,N/A,30,49277,1.4335784876828617
A*,Manhattan,20,547,1.3705641455065232
A*,Misplaced Titles,20,4918,1.5296406845723536
IDS,N/A,24,2992,1.3958274438306002
A*,Manhattan,23,1716,1.3823919184826812
A*,Misplaced Titles,23,17863,1.530620700466445
IDS,N/A,37,90791,1.3614483086849303
A*,Manhattan,23,1613,1.378676470924734
A*,Misplaced Titles,23,16685,1.5260873782993254
IDS,N/A,29,14961,1.3930418360247363
A*,Manhattan,22,1836,1.4072065533120008
A*,Misplaced Titles,20,4740,1.526823785966616
IDS,N/A,30,53273,1.4373093093240386
A*,Manhattan,22,1076,1.373439864276654
A*,Misplaced Titles,22,9531,1.516596084603954
IDS,N/A,28,47197,1.4686743634597563
A*,Manhattan,23,964,1.348163235530129
A*,Misplaced Titles,23,17825,1.5304789869785347
IDS,N/A,33,28201,1.3641323250155635
A*,Manhattan,23,1229,1.362474374328841
A*,Misplaced Titles,23,18368,1.5324771030265876
IDS,N/A,37,89068,1.3607434803179141
A*,Manhattan,24,2326,1.3812599025772756
A*,Misplaced Titles,24,26778,1.5292931939248033
IDS,N/A,36,36009,1.338341589086978
A*,Manhattan,24,2453,1.3843228828516188
A*,Misplaced Titles,24,32026,1.5407397213852767
IDS,N/A,36,36622,1.3389692788637109
A*,Manhattan,24,4409,1.4185593287593592
A*,Misplaced Titles,24,30361,1.5373160793818132
IDS,N/A,28,30238,1.4455055125930982
A*,Manhattan,24,4040,1.413402614107177
A*,Misplaced Titles,22,14756,1.5470294272939205
IDS,N/A,34,5311,1.2869569183032228
A*,Manhattan,26,2353,1.34796236353507
A*,Misplaced Titles,26,42093,1.506101448227923
IDS,N/A,32,19582,1.361822585886214
A*,Manhattan,24,3085,1.3976088177328025
A*,Misplaced Titles,24,21073,1.514102460819816
IDS,N/A,36,44841,1.3465212217833906
A*,Manhattan,20,404,1.3499543052277765
A*,Misplaced Titles,20,4204,1.5176902193898865
IDS,N/A,30,64915,1.4468100006981275
A*,Manhattan,24,650,1.3097992071153255
A*,Misplaced Titles,24,21573,1.5155825838273862
IDS,N/A,28,22631,1.4306227722370477
A*,Manhattan,25,2544,1.3684240058562043
A*,Misplaced Titles,23,18114,1.5315495755405415
IDS,N/A,29,44814,1.4467502837078325
A*,Manhattan,23,2474,1.404556187170701
A*,Misplaced Titles,23,17015,1.5273874413089925
IDS,N/A,25,29337,1.509025671467459
A*,Manhattan,24,4415,1.4186397117907807
A*,Misplaced Titles,24,23233,1.5202711493799816
IDS,N/A,34,31184,1.3557339301759705
A*,Manhattan,27,8746,1.3995645818162556
A*,Misplaced Titles,27,75596,1.5159509214606453
IDS,N/A,33,63818,1.3983128190828498
A*,Manhattan,19,597,1.3999222371400282
A*,Misplaced Titles,19,4135,1.5500325437962217
IDS,N/A,23,6808,1.4677531590559918
A*,Manhattan,19,555,1.394557651298649
A*,Misplaced Titles,19,3448,1.5352805583615874
IDS,N/A,31,35790,1.4024763247739511
A*,Manhattan,25,1489,1.339416941928013
A*,Misplaced Titles,25,36751,1.5226874434741908
IDS,N/A,29,14427,1.3912970464095176
A*,Manhattan,19,702,1.4119106575364389
A*,Misplaced Titles,19,2688,1.515291814020873
IDS,N/A,19,3023,1.5246879048645365
A*,Manhattan,19,261,1.340267867523576
A*,Misplaced Titles,19,3335,1.5325903855319036
IDS,N/A,19,2361,1.504982215066175
A*,Manhattan,21,914,1.383558216685455
A*,Misplaced Titles,21,8250,1.5363770355310924
IDS,N/A,43,73465,1.297671188681375
A*,Manhattan,25,3972,1.3930296798652264
A*,Misplaced Titles,25,37456,1.5238452156757842
IDS,N/A,33,103941,1.4191354379550563
A*,Manhattan,23,1148,1.358441534344301
A*,Misplaced Titles,23,19014,1.5347819163544822
IDS,N/A,31,40015,1.4075336964445313
A*,Manhattan,25,5771,1.414002062623182
A*,Misplaced Titles,25,40842,1.5291295465879107
IDS,N/A,31,14311,1.3616135680762402
A*,Manhattan,24,2445,1.384134475350886
A*,Misplaced Titles,24,20232,1.5115352651330363
IDS,N/A,28,32546,1.4493077991868615
A*,Manhattan,19,309,1.3522296248262273
A*,Misplaced Titles,19,3550,1.5376380728251702
IDS,N/A,31,48144,1.415955965160864
A*,Manhattan,22,818,1.35643153350225
A*,Misplaced Titles,22,10223,1.5214355571913878
IDS,N/A,22,24734,1.5837812531620592
A*,Manhattan,20,981,1.4111833715161273
A*,Misplaced Titles,20,6484,1.5509298342670947
IDS,N/A,20,8712,1.5740042234182305
A*,Manhattan,24,1090,1.3383183644759202
A*,Misplaced Titles,24,19834,1.5102844916636435
IDS,N/A,28,42736,1.4634756316292958
A*,Manhattan,26,4346,1.380150756377797
A*,Misplaced Titles,26,42902,1.5072046072877125
IDS,N/A,32,59798,1.4101699572814446
A*,Manhattan,22,560,1.3332685585304371
A*,Misplaced Titles,22,14188,1.5442716191479287
IDS,N/A,26,46113,1.5113944468462077
A*,Manhattan,26,2741,1.3558987819675985
A*,Misplaced Titles,26,47889,1.5135928517340957
IDS,N/A,32,75973,1.4207596102850444
A*,Manhattan,26,4070,1.3766722370160196
A*,Misplaced Titles,26,44039,1.5087216853675187
IDS,N/A,26,27458,1.4815558738111985
A*,Manhattan,26,7423,1.4088619524709274
A*,Misplaced Titles,24,23571,1.5211863404533255
IDS,N/A,40,40652,1.3038482484656244
A*,Manhattan,24,1265,1.346647012313498
A*,Misplaced Titles,24,19617,1.5095923673871257
IDS,N/A,26,29480,1.4856103043194915
A*,Manhattan,22,912,1.3631549342222904
A*,Misplaced Titles,22,10872,1.5256981199792863
IDS,N/A,36,53874,1.3534032050194065
A*,Manhattan,21,457,1.338636542081022
A*,Misplaced Titles,21,7232,1.5267720832555542
IDS,N/A,25,3201,1.3810564387172717
A*,Manhattan,18,640,1.4318544957200792
A*,Misplaced Titles,18,3032,1.561095241177207
IDS,N/A,20,13203,1.6070656971397392
A*,Manhattan,25,3727,1.3894866411037896
A*,Misplaced Titles,25,37818,1.5244315985969124
IDS,N/A,29,33634,1.4325038934655405
A*,Manhattan,17,262,1.3875639791740904
A*,Misplaced Titles,17,1515,1.5384489723926544
IDS,N/A,35,24737,1.3351319870138056
A*,Manhattan,24,957,1.331081550957222
A*,Misplaced Titles,24,19770,1.5100811204057445
IDS,N/A,26,16128,1.4515433812002778
A*,Manhattan,22,677,1.3448167859254012
A*,Misplaced Titles,22,11718,1.5309037471937328
IDS,N/A,34,23383,1.3443026835156502
A*,Manhattan,20,312,1.332624304505822
A*,Misplaced Titles,20,5021,1.531226762677911
IDS,N/A,26,39293,1.5021193142632188
A*,Manhattan,21,1342,1.409096045160689
A*,Misplaced Titles,21,8516,1.5387004425820794
IDS,N/A,27,32364,1.4690593460103858
A*,Manhattan,23,1230,1.3625225557578422
A*,Misplaced Titles,23,16796,1.5265273961667711
IDS,N/A,27,65556,1.5079712220141175
A*,Manhattan,23,2034,1.3926479544316417
A*,Misplaced Titles,23,17089,1.5276756581999014
IDS,N/A,23,8124,1.4790743182052213
A*,Manhattan,24,1249,1.3459329798859327
A*,Misplaced Titles,24,19662,1.5097364964151596
IDS,N/A,30,43090,1.427181529549338
A*,Manhattan,21,665,1.362762198902564
A*,Misplaced Titles,21,8049,1.5345735585658462
IDS,N/A,25,64455,1.5572927599359192
A*,Manhattan,16,144,1.364261601821366
A*,Misplaced Titles,16,894,1.5291799494265468
IDS,N/A,16,4635,1.6948376717631717
A*,Manhattan,22,512,1.327848827989106
A*,Misplaced Titles,22,13055,1.5384407223155994
IDS,N/A,34,18686,1.335465993812642
A*,Manhattan,19,494,1.3860378895708143
A*,Misplaced Titles,19,3444,1.5351867663932164
IDS,N/A,21,5918,1.5122631829065463
A*,Manhattan,18,452,1.4044545545261102
A*,Misplaced Titles,18,2408,1.5412383419856965
IDS,N/A,18,8873,1.6570562418207186
A*,Manhattan,18,262,1.362542544557648
A*,Misplaced Titles,18,1976,1.5244011736183616
IDS,N/A,18,1510,1.5017921517391353
A*,Manhattan,18,225,1.3510667516017707
A*,Misplaced Titles,18,1988,1.5249140098897487
IDS,N/A,20,9051,1.5770113834743762
A*,Manhattan,18,522,1.4157341059099813
A*,Misplaced Titles,18,2719,1.5516741015415085
IDS,N/A,18,2548,1.5460847672464715
A*,Manhattan,24,2424,1.3836370805876292
A*,Misplaced Titles,24,19883,1.5104397731593333
IDS,N/A,28,10063,1.3898071851250844
A*,Manhattan,20,470,1.360206647280731
A*,Misplaced Titles,20,6124,1.5465065335059973
IDS,N/A,26,15559,1.449539534226994
A*,Manhattan,23,2041,1.392855994408003
A*,Misplaced Titles,23,18502,1.5329614965803546
IDS,N/A,29,6011,1.3499214798584758
A*,Manhattan,24,1706,1.3635334384731181
A*,Misplaced Titles,24,29132,1.534671504246796
IDS,N/A,30,27545,1.4060521405202129
A*,Manhattan,24,3640,1.4072758157656036
A*,Misplaced Titles,22,14733,1.5469197394823857
IDS,N/A,28,36309,1.4549821091156088
A*,Manhattan,29,9822,1.3729732205973373
A*,Misplaced Titles,29,108350,1.4914709202897742
IDS,N/A,35,55471,1.3662958295891032
A*,Manhattan,19,559,1.3950848466976307
A*,Misplaced Titles,19,3681,1.5405734585757023
IDS,N/A,23,14474,1.5166841741552952
A*,Manhattan,24,2967,1.395339529310458
A*,Misplaced Titles,24,29969,1.5364838880210412
IDS,N/A,34,42972,1.368579920191147
A*,Manhattan,24,1885,1.3692139223079618
A*,Misplaced Titles,24,24214,1.522893170586475
IDS,N/A,32,10129,1.3340556771483212
A*,Manhattan,17,318,1.403465028257474
A*,Misplaced Titles,17,1640,1.5456404029415887
IDS,N/A,19,3726,1.54155899616946
A*,Manhattan,22,621,1.3395493226301143
A*,Misplaced Titles,22,9466,1.5161244130002212
IDS,N/A,28,580,1.2551448744095752
A*,Manhattan,22,1296,1.3851029222200786
A*,Misplaced Titles,22,9555,1.5167694644527472
IDS,N/A,30,18995,1.3887411678776223
A*,Manhattan,24,2202,1.378110541569791
A*,Misplaced Titles,24,26903,1.5295899788568428
IDS,N/A,34,57204,1.3801436952417954
A*,Manhattan,18,273,1.3656593085538284
A*,Misplaced Titles,18,1725,1.5129396915891318
IDS,N/A,18,10762,1.6749199476202468
A*,Manhattan,18,167,1.3288753587326139
A*,Misplaced Titles,18,2113,1.5300888089060767
IDS,N/A,18,2119,1.5303298628377062
A*,Manhattan,21,599,1.35599603649742
A*,Misplaced Titles,21,7832,1.5325777229869397
IDS,N/A,33,17239,1.3439377517830675
A*,Manhattan,29,8161,1.3642303363139294
A*,Misplaced Titles,29,109376,1.4919557147433207
IDS,N/A,35,26184,1.3373023253680192
A*,Manhattan,22,229,1.2801629362785072
A*,Misplaced Titles,22,8364,1.507618807256674
IDS,N/A,24,11030,1.4738071066702494
A*,Manhattan,20,211,1.3068150360345518
A*,Misplaced Titles,20,5057,1.5317738379382104
IDS,N/A,24,5510,1.4317965664658787
A*,Manhattan,23,2254,1.3988804632263867
A*,Misplaced Titles,23,18084,1.5314392047004444
IDS,N/A,33,27299,1.3627892184739172
A*,Manhattan,15,96,1.3556619776599483
A*,Misplaced Titles,15,603,1.532337702980879
IDS,N/A,21,9358,1.5456243616026704
A*,Manhattan,21,861,1.3796281743958616
A*,Misplaced Titles,21,8556,1.5390438341445343
IDS,N/A,23,4681,1.444042385818873
A*,Manhattan,22,1622,1.3993018305352887
A*,Misplaced Titles,22,10933,1.5260861863679815
IDS,N/A,30,40678,1.4244438015480037
A*,Manhattan,21,773,1.3725632192082031
A*,Misplaced Titles,21,8167,1.5356374439655847
IDS,N/A,23,14242,1.515619005796474
A*,Manhattan,13,35,1.314541995310516
A*,Misplaced Titles,13,178,1.4897357193143725
IDS,N/A,13,1570,1.761320682188426
A*,Manhattan,23,2515,1.4055602863136993
A*,Misplaced Titles,23,18071,1.5313913229370562
IDS,N/A,27,22177,1.4486362975277343
A*,Manhattan,26,5579,1.3934722407600877
A*,Misplaced Titles,26,45348,1.5104223033410917
IDS,N/A,32,49574,1.401931152367835
A*,Manhattan,22,1284,1.3845173746031991
A*,Misplaced Titles,22,10418,1.522742823860067
IDS,N/A,36,13134,1.301367381393152
A*,Manhattan,20,323,1.3349350195339056
A*,Misplaced Titles,20,4905,1.5294382614355453
IDS,N/A,24,23357,1.52060837298803
A*,Manhattan,19,483,1.3843961259332913
A*,Misplaced Titles,19,3691,1.5407934494938842
IDS,N/A,25,19556,1.4847427084612974
A*,Manhattan,22,1228,1.3817138394865367
A*,Misplaced Titles,22,14314,1.5448923685576053
IDS,N/A,30,16389,1.3819269354394388
A*,Manhattan,19,521,1.3899252965338587
A*,Misplaced Titles,19,2547,1.5110007549004019
IDS,N/A,21,3397,1.4728123153588675
A*,Manhattan,27,4261,1.3627818884969292
A*,Misplaced Titles,27,72519,1.5136195678327191
IDS,N/A,37,55311,1.3433342719602595
A*,Manhattan,23,1899,1.388495778496971
A*,Misplaced Titles,23,17643,1.5297962221501695
IDS,N/A,35,100165,1.3895609467201737
A*,Manhattan,24,1070,1.3372860802246884
A*,Misplaced Titles,24,22197,1.5173843309956143
IDS,N/A,28,9362,1.3862277682311122
A*,Manhattan,24,1243,1.3456629556957573
A*,Misplaced Titles,24,23356,1.5206056603116571
IDS,N/A,32,47281,1.3998579172977321
A*,Manhattan,26,3454,1.3680101526758397
A*,Misplaced Titles,26,46687,1.5121137421880217
IDS,N/A,28,43421,1.4643069931900112
A*,Manhattan,20,371,1.3442148703977763
A*,Misplaced Titles,20,3962,1.5131978778689072
IDS,N/A,20,102,1.2601725306341938
A*,Manhattan,18,531,1.4170792541200576
A*,Misplaced Titles,18,2100,1.529564299896057
IDS,N/A,18,7339,1.6396743574440427
A*,Manhattan,23,1316,1.3665320480689689
A*,Misplaced Titles,23,17580,1.5295583099896768
IDS,N/A,31,53228,1.4205487221979363
A*,Manhattan,20,550,1.3709390101336327
A*,Misplaced Titles,20,4523,1.5232505001248329
IDS,N/A,20,467,1.3597712171096563
A*,Manhattan,26,4791,1.385335146953909
A*,Misplaced Titles,26,43215,1.5076260581347314
IDS,N/A,36,56166,1.354970435527095
A*,Manhattan,23,1877,1.3877924919300115
A*,Misplaced Titles,23,18285,1.532175370100954
IDS,N/A,29,3711,1.3276570164260975
A*,Manhattan,21,1006,1.3898913632133587
A*,Misplaced Titles,21,8362,1.5373638843597224
IDS,N/A,23,36351,1.5786407896415444
A*,Manhattan,23,2227,1.3981477010065309
A*,Misplaced Titles,23,17214,1.528159810455732
IDS,N/A,39,19597,1.288416100864004
A*,Manhattan,25,4718,1.4026532342779687
A*,Misplaced Titles,25,38377,1.525326589273647
IDS,N/A,35,70739,1.3758202056402478
A*,Manhattan,22,1640,1.400003965515261
A*,Misplaced Titles,22,11139,1.527381600943359
IDS,N/A,26,6428,1.401084912636911
A*,Manhattan,15,141,1.3908531363532886
A*,Misplaced Titles,15,581,1.5285456337043306
IDS,N/A,19,4349,1.5541544610145714
A*,Manhattan,22,1217,1.3811488330908028
A*,Misplaced Titles,22,9666,1.5175659771934613
IDS,N/A,22,15852,1.5520757447792477
A*,Manhattan,25,4956,1.4054171599460057
A*,Misplaced Titles,25,36227,1.5218130179679745
IDS,N/A,25,49523,1.5409632370269573
A*,Manhattan,21,1060,1.3933562951162124
A*,Misplaced Titles,21,8449,1.5381218054441113
IDS,N/A,29,39580,1.4405676170885482
A*,Manhattan,27,4682,1.3675458755612702
A*,Misplaced Titles,27,72069,1.5132706569059744
IDS,N/A,35,38626,1.3522397767158338
A*,Manhattan,24,619,1.3071350005360591
A*,Misplaced Titles,24,19459,1.5090837928272227
IDS,N/A,38,16191,1.2905367011389397
A*,Manhattan,17,268,1.3894133213701743
A*,Misplaced Titles,17,1164,1.5147821378080684
IDS,N/A,21,9035,1.5430412325987306
A*,Manhattan,22,1801,1.405975963397516
A*,Misplaced Titles,22,9499,1.516364262069241
IDS,N/A,22,15138,1.5488277232038785
A*,Manhattan,24,1199,1.3436437385242943
A*,Misplaced Titles,24,25465,1.5260929521663809
IDS,N/A,26,27261,1.481145627676923
A*,Manhattan,24,2302,1.3806631117971568
A*,Misplaced Titles,24,20532,1.512462569965921
IDS,N/A,24,6288,1.439697848184291
A*,Manhattan,24,2344,1.3817036355318206
A*,Misplaced Titles,24,22479,1.518182710116953
IDS,N/A,26,9942,1.4247838729350686
A*,Manhattan,22,1230,1.3818160486180078
A*,Misplaced Titles,22,9676,1.5176373058036658
IDS,N/A,28,32546,1.4493077991868615
A*,Manhattan,22,1125,1.376222807785274
A*,Misplaced Titles,22,9655,1.5174874343194185
IDS,N/A,32,2728,1.2804721480643806
A*,Manhattan,23,333,1.2872754548517606
A*,Misplaced Titles,23,16535,1.5254882899355442
IDS,N/A,23,9513,1.4892593175601878
A*,Manhattan,20,518,1.36683624918389
A*,Misplaced Titles,20,4533,1.523418712936686
IDS,N/A,24,12861,1.4832685239000531
A*,Manhattan,23,1937,1.3896923895201936
A*,Misplaced Titles,21,7879,1.5330144302379762
IDS,N/A,31,75464,1.4366350103646233
A*,Manhattan,18,262,1.362542544557648
A*,Misplaced Titles,18,1388,1.4947797045523412
IDS,N/A,18,1895,1.5208605711266507
A*,Manhattan,14,124,1.4110100932633394
A*,Misplaced Titles,14,428,1.5415594192277402
IDS,N/A,14,2010,1.7216409164325184
A*,Manhattan,19,538,1.392276147718828
A*,Misplaced Titles,19,3750,1.5420800149368847
IDS,N/A,25,25044,1.499505792681177
A*,Manhattan,20,284,1.3263737461735872
A*,Misplaced Titles,20,4430,1.5216689762132094
IDS,N/A,26,38988,1.5016691804160378
A*,Manhattan,21,1075,1.3942889451680398
A*,Misplaced Titles,21,8328,1.5370656426176204
IDS,N/A,23,15524,1.5213094020128886
A*,Manhattan,22,634,1.340811399166348
A*,Misplaced Titles,22,9267,1.514660906887071
IDS,N/A,30,7372,1.3456109447823283
A*,Manhattan,20,1118,1.4204373720663963
A*,Misplaced Titles,20,4601,1.524553297545548
IDS,N/A,22,14915,1.5477832700718988
A*,Manhattan,24,1057,1.3366051325312576
A*,Misplaced Titles,24,20080,1.5110603892554868
IDS,N/A,42,85802,1.3105820759528908
A*,Manhattan,19,326,1.3560465887153825
A*,Misplaced Titles,19,2447,1.5078188081231692
IDS,N/A,23,12335,1.506175626423881
A*,Manhattan,26,2517,1.3514600138671715
A*,Misplaced Titles,26,48578,1.5144246784421163
IDS,N/A,30,23994,1.399598350000076
A*,Manhattan,20,570,1.3733895633491782
A*,Misplaced Titles,20,4878,1.5290162105314982
IDS,N/A,20,13449,1.6085497580189014
A*,Manhattan,20,687,1.3862700382897053
A*,Misplaced Titles,20,4544,1.5236033403408544
IDS,N/A,32,24043,1.3705847507656668
A*,Manhattan,28,7137,1.3728578159994762
A*,Misplaced Titles,28,85223,1.5000001929862452
IDS,N/A,40,61720,1.317530409869558
A*,Manhattan,21,559,1.3515407162712987
A*,Misplaced Titles,21,7752,1.531828619339735
IDS,N/A,25,27496,1.5051188011719197
A*,Manhattan,10,37,1.4348951656753595
A*,Misplaced Titles,10,75,1.5399482490588157
IDS,N/A,14,329,1.5128633675156213
A*,Manhattan,20,636,1.3809337878020607
A*,Misplaced Titles,18,1940,1.522844824496453
IDS,N/A,30,12247,1.368572021628191
A*,Manhattan,24,1279,1.3472647262877488
A*,Misplaced Titles,24,20945,1.5137181391862453
IDS,N/A,30,27510,1.4059925506691937
A*,Manhattan,22,1971,1.4117522316316675
A*,Misplaced Titles,22,14652,1.5465321418588025
IDS,N/A,30,16787,1.383032661122057
A*,Manhattan,25,2653,1.3707223369862638
A*,Misplaced Titles,23,17971,1.5310218963185136
IDS,N/A,35,16299,1.3193118278961817
A*,Manhattan,23,698,1.329370043313059
A*,Misplaced Titles,23,16989,1.52728589120735
IDS,N/A,23,15747,1.522253082180121
A*,Manhattan,20,979,1.4110393805095403
A*,Misplaced Titles,20,4206,1.5177263123338676
IDS,N/A,22,15546,1.5507011932115902
A*,Manhattan,27,3727,1.3560402176724489
A*,Misplaced Titles,27,73111,1.5140754174594915
IDS,N/A,29,54786,1.4568082752672875
A*,Manhattan,22,1044,1.371556362186349
A*,Misplaced Titles,22,10461,1.5230279479472792
IDS,N/A,26,8334,1.4151486374201445
A*,Manhattan,27,4923,1.3700904942325518
A*,Misplaced Titles,25,36843,1.5228397323270297
IDS,N/A,29,8945,1.3685522758336572
A*,Manhattan,24,2610,1.38790589738497
A*,Misplaced Titles,24,22115,1.5171503536233453
IDS,N/A,24,12664,1.4823148322556103
A*,Manhattan,21,674,1.363634845230175
A*,Misplaced Titles,21,8366,1.5373988956648452
IDS,N/A,31,43003,1.410807311554177
A*,Manhattan,22,972,1.367108589729592
A*,Misplaced Titles,22,9746,1.5181346447042146
IDS,N/A,26,21047,1.4664813567194444
A*,Manhattan,22,627,1.3401349224659345
A*,Misplaced Titles,22,8986,1.5125424227361721
IDS,N/A,28,13816,1.4056292869291576
A*,Manhattan,19,356,1.362344183894439
A*,Misplaced Titles,19,3369,1.5334087882388758
IDS,N/A,35,23123,1.3325606253750828
A*,Manhattan,24,2624,1.3882152989681968
A*,Misplaced Titles,22,9122,1.5135755165024043
IDS,N/A,32,76521,1.4210787486851446
A*,Manhattan,22,1744,1.4039221363950745
A*,Misplaced Titles,22,10341,1.522229434405869
IDS,N/A,22,7338,1.498677121851611
A*,Manhattan,23,1370,1.3689234246730442
A*,Misplaced Titles,23,16716,1.526210547304694
IDS,N/A,25,10330,1.4473181649203017
A*,Manhattan,23,252,1.2717704188806533
A*,Misplaced Titles,23,17364,1.5287363737122328
IDS,N/A,27,38799,1.4789596179029507
A*,Manhattan,24,2736,1.390635047638177
A*,Misplaced Titles,24,20799,1.5132770148216708
IDS,N/A,24,8223,1.4558822865752237
A*,Manhattan,25,3494,1.385903258996383
A*,Misplaced Titles,25,37099,1.523261579205137
IDS,N/A,37,15041,1.2968787392286096
A*,Manhattan,21,299,1.311864875484002
A*,Misplaced Titles,21,5155,1.5023557855581848
IDS,N/A,27,9190,1.402133815488887
A*,Manhattan,19,598,1.400045556604706
A*,Misplaced Titles,19,3611,1.5390174781981958
IDS,N/A,31,8538,1.339115202120423
A*,Manhattan,22,1976,1.4119148216632562
A*,Misplaced Titles,22,10783,1.525128180082224
IDS,N/A,28,2932,1.3299254119136152
A*,Manhattan,22,391,1.311674924800384
A*,Misplaced Titles,22,10832,1.5254425203338373
IDS,N/A,30,46707,1.4310211936546646
A*,Manhattan,17,283,1.3938714781321053
A*,Misplaced Titles,17,1206,1.5179439095735563
IDS,N/A,27,10329,1.4082145430378101
A*,Manhattan,24,3771,1.4093505268997653
A*,Misplaced Titles,24,30744,1.5381192782066815
IDS,N/A,24,49556,1.5690219172665782
A*,Manhattan,23,2273,1.3993910948107766
A*,Misplaced Titles,23,18343,1.5323863570964786
IDS,N/A,27,32963,1.4700575041465092
A*,Manhattan,23,2666,1.4091279885698078
A*,Misplaced Titles,23,17795,1.5303669036369958
IDS,N/A,35,79599,1.3804666899370268
A*,Manhattan,24,5069,1.4268284560506317
A*,Misplaced Titles,24,21384,1.5150270002389856
IDS,N/A,24,4750,1.4229694199662983
A*,Manhattan,23,2295,1.399977276370915
A*,Misplaced Titles,23,18643,1.5334675844418963
IDS,N/A,31,75635,1.436739907905751
A*,Manhattan,18,267,1.3639742804173156
A*,Misplaced Titles,18,1951,1.5233232496057718
IDS,N/A,38,62787,1.3373951065476617
A*,Manhattan,19,790,1.4207140945683512
A*,Misplaced Titles,19,3639,1.5396432707816783
IDS,N/A,25,4355,1.3981685415190483
A*,Manhattan,24,3269,1.400986514868253
A*,Misplaced Titles,24,32283,1.5412529182924968
IDS,N/A,24,17769,1.50338180963878
A*,Manhattan,21,835,1.377615204611347
A*,Misplaced Titles,21,7977,1.5339170872080092
IDS,N/A,27,26976,1.4591847418024328
A*,Manhattan,24,955,1.3309655272452527
A*,Misplaced Titles,24,22443,1.5180813255609045
IDS,N/A,30,31644,1.4125691348558442
A*,Manhattan,17,216,1.3718947966138395
A*,Misplaced Titles,17,1476,1.5360906460848798
IDS,N/A,21,3063,1.4655714624733946
A*,Manhattan,23,968,1.348405973225192
A*,Misplaced Titles,23,16231,1.5242580254871136
IDS,N/A,31,32497,1.3981164040488152
A*,Manhattan,19,276,1.344215500497943
A*,Misplaced Titles,19,3160,1.5282487772375053
IDS,N/A,35,71339,1.3761522552959482
A*,Manhattan,23,868,1.342028464006451
A*,Misplaced Titles,23,17432,1.528996181283737
IDS,N/A,31,83923,1.4415671294176642
A*,Manhattan,18,273,1.3656593085538284
A*,Misplaced Titles,18,1889,1.520592648667095
IDS,N/A,18,3958,1.5843815123059568
A*,Manhattan,26,3035,1.3612226928974742
A*,Misplaced Titles,26,42330,1.506426720072677
IDS,N/A,36,35460,1.3377705511227744
A*,Manhattan,23,1092,1.3554909940468662
A*,Misplaced Titles,23,16660,1.5259878889085037
IDS,N/A,29,28044,1.4235534941708863
A*,Manhattan,22,496,1.3259339612948542
A*,Misplaced Titles,22,9038,1.5129391802891174
IDS,N/A,22,2821,1.4349491254781184
A*,Manhattan,28,7771,1.3770369819121855
A*,Misplaced Titles,26,49536,1.5155626090195715
IDS,N/A,32,25864,1.373715315991974
A*,Manhattan,24,812,1.3220001402341215
A*,Misplaced Titles,24,19748,1.5100110657946089
IDS,N/A,36,58454,1.356474101908211
A*,Manhattan,26,3117,1.3626191633467406
A*,Misplaced Titles,26,45537,1.5106639384258185
IDS,N/A,34,47049,1.3722332959274366
A*,Manhattan,18,566,1.4221134574801895
A*,Misplaced Titles,18,2287,1.5368302419194957
IDS,N/A,18,7807,1.6453152423795125
A*,Manhattan,24,3575,1.4062196703173424
A*,Misplaced Titles,24,20514,1.5124072989883133
IDS,N/A,28,33886,1.4513977300424918
A*,Manhattan,20,501,1.3645576430026822
A*,Misplaced Titles,20,4765,1.5272254240827434
IDS,N/A,24,8906,1.460730549453458
A*,Manhattan,23,996,1.3500787502166336
A*,Misplaced Titles,23,17757,1.5302246716533887
IDS,N/A,41,66742,1.311197986271646
A*,Manhattan,20,932,1.407572572152252
A*,Misplaced Titles,20,4600,1.524536728205054
IDS,N/A,20,27242,1.6663335919266924
A*,Manhattan,22,925,1.3640322050553444
A*,Misplaced Titles,22,10337,1.522202665225295
IDS,N/A,32,82990,1.424687307309806
A*,Manhattan,25,3949,1.3927061242370105
A*,Misplaced Titles,25,38099,1.5248830712995327
IDS,N/A,37,54330,1.3426847184181425
A*,Manhattan,26,5284,1.390563665160508
A*,Misplaced Titles,26,43992,1.5086597242665307
IDS,N/A,28,31184,1.4470967397089067
A*,Manhattan,21,1762,1.427485513870631
A*,Misplaced Titles,19,3681,1.5405734585757023
IDS,N/A,27,31882,1.4682431508929394
A*,Manhattan,20,589,1.3756430701690978
A*,Misplaced Titles,20,4218,1.5179425282091341
IDS,N/A,22,11522,1.5297304204629525
A*,Manhattan,25,1144,1.3253697099270254
A*,Misplaced Titles,25,35328,1.520284130250086
IDS,N/A,27,11643,1.4144740888254745
A*,Manhattan,22,927,1.3641661241299343
A*,Misplaced Titles,22,9319,1.5150462046674753
IDS,N/A,40,40064,1.303373412795042
A*,Manhattan,14,83,1.3711248645823682
A*,Misplaced Titles,14,310,1.5064489071919434
IDS,N/A,16,1235,1.5603757233546
A*,Manhattan,20,582,1.3748209746491362
A*,Misplaced Titles,20,4370,1.5206318121853886
IDS,N/A,22,3025,1.4395103439519596
A*,Manhattan,21,1111,1.3964776930972749
A*,Misplaced Titles,21,8556,1.5390438341445343
IDS,N/A,31,18125,1.372030630078521
A*,Manhattan,26,3828,1.373430262951901
A*,Misplaced Titles,26,44805,1.5097226557697667
IDS,N/A,40,56829,1.3148137898748193
A*,Manhattan,19,390,1.3689003086766411
A*,Misplaced Titles,19,3222,1.5298124327777922
IDS,N/A,23,20804,1.540797322190626
A*,Manhattan,20,505,1.3651003213950497
A*,Misplaced Titles,20,4091,1.5156240008287296
IDS,N/A,32,50901,1.4030889272757596
A*,Manhattan,26,2670,1.3545308311295874
A*,Misplaced Titles,26,43521,1.5080352557107914
IDS,N/A,36,75800,1.366300939050247
A*,Manhattan,24,2213,1.3783967027845951
A*,Misplaced Titles,24,20248,1.5115850530196522
IDS,N/A,24,9406,1.4640588716472005
A*,Manhattan,18,138,1.314868046650082
A*,Misplaced Titles,18,1702,1.5118118777021117
IDS,N/A,20,6792,1.554532778350528
A*,Manhattan,26,2830,1.357566200475594
A*,Misplaced Titles,26,42307,1.5063952304320467
IDS,N/A,36,51756,1.3518962174063596
A*,Manhattan,26,2778,1.3565982111434636
A*,Misplaced Titles,26,49061,1.515001065617249
IDS,N/A,30,41942,1.4258974900053147
A*,Manhattan,25,2151,1.3592696387582461
A*,Misplaced Titles,25,29739,1.5098473964831458
IDS,N/A,27,30758,1.4662926921406114
A*,Manhattan,25,2774,1.3731698468276687
A*,Misplaced Titles,25,36149,1.5216818182946088
IDS,N/A,33,29622,1.3661659786517792
A*,Manhattan,16,257,1.41455819874372
A*,Misplaced Titles,16,659,1.500307700752966
IDS,N/A,16,1523,1.5809522170976276
A*,Manhattan,15,204,1.4255266621632243
A*,Misplaced Titles,15,680,1.544663653337892
IDS,N/A,17,6071,1.6693396913378358
A*,Manhattan,14,124,1.4110100932633394
A*,Misplaced Titles,14,411,1.5371030604804485
IDS,N/A,14,1385,1.6764448442588997
A*,Manhattan,25,1341,1.3338197725514065
A*,Misplaced Titles,25,36898,1.5229306003105443
IDS,N/A,25,23831,1.4965309075550928
A*,Manhattan,25,2520,1.367905266571445
A*,Misplaced Titles,23,16205,1.5241517846060668
IDS,N/A,29,39043,1.4398892031045682
A*,Manhattan,25,3425,1.3847979853224028
A*,Misplaced Titles,25,35308,1.5202496941675725
IDS,N/A,35,65244,1.3726452206479505
A*,Manhattan,23,2233,1.39831126860178
A*,Misplaced Titles,23,17336,1.528629111148493
IDS,N/A,29,50410,1.4526324722626387
A*,Manhattan,21,870,1.380311503064119
A*,Misplaced Titles,21,8054,1.5346189389385647
IDS,N/A,27,30343,1.4655551546322807
A*,Manhattan,24,1640,1.3612936760925483
A*,Misplaced Titles,24,19764,1.510062022014704
IDS,N/A,28,16878,1.4157147254803917
A*,Manhattan,18,265,1.3634046497282284
A*,Misplaced Titles,18,2090,1.529158740517904
IDS,N/A,26,8340,1.4151878094600159
A*,Manhattan,23,899,1.3440775724344325
A*,Misplaced Titles,23,16797,1.5265313476353672
IDS,N/A,35,19012,1.3251283251723092
A*,Manhattan,18,482,1.4094775692196138
A*,Misplaced Titles,18,1921,1.5220123868353697
IDS,N/A,24,16300,1.4979862150001875
A*,Manhattan,26,4818,1.3856346113185787
A*,Misplaced Titles,26,42986,1.5073180018246868
IDS,N/A,32,35102,1.3868887352158623
A*,Manhattan,20,728,1.3902937453553326
A*,Misplaced Titles,20,4480,1.5225231355811268
IDS,N/A,20,13069,1.6062462172350414
A*,Manhattan,20,627,1.3799500833530964
A*,Misplaced Titles,20,4085,1.5155127800365218
IDS,N/A,30,16889,1.383311957963587
A*,Manhattan,25,4464,1.3995517687270718
A*,Misplaced Titles,25,35707,1.5209331805945745
IDS,N/A,25,23024,1.4944701019645827
A*,Manhattan,19,433,1.3764565946834244
A*,Misplaced Titles,19,3549,1.5376152730730468
IDS,N/A,19,812,1.4227694385400933
A*,Manhattan,20,526,1.3678840551988956
A*,Misplaced Titles,20,4428,1.5216346196581467
IDS,N/A,26,15685,1.4499892730166526
A*,Manhattan,19,253,1.3380736776825053
A*,Misplaced Titles,19,2596,1.5125169377297376
IDS,N/A,19,403,1.3712647693375306
A*,Manhattan,21,442,1.3365108507403198
A*,Misplaced Titles,21,7841,1.5326615406424104
IDS,N/A,33,59862,1.3956038481073805
A*,Manhattan,23,3731,1.4298706440078353
A*,Misplaced Titles,23,18203,1.5318759832469642
IDS,N/A,27,18178,1.4380068890808964
A*,Manhattan,19,477,1.3834856266919233
A*,Misplaced Titles,19,3470,1.5357945788432315
IDS,N/A,27,16561,1.4330537010224376
A*,Manhattan,22,575,1.3348714590416568
A*,Misplaced Titles,22,10460,1.5230213298704445
IDS,N/A,28,36788,1.4556633072327785
A*,Manhattan,17,251,1.3840675218625385
A*,Misplaced Titles,17,1206,1.5179439095735563
IDS,N/A,23,46674,1.5958911333225878
A*,Manhattan,28,9063,1.3846217270528052
A*,Misplaced Titles,28,93338,1.5048807572643914
IDS,N/A,30,11863,1.3671195201849677
A*,Manhattan,23,1257,1.3638094887123453
A*,Misplaced Titles,23,17058,1.527555064273683
IDS,N/A,27,885,1.2857189562667435
A*,Manhattan,25,3969,1.3929875791112967
A*,Misplaced Titles,25,40036,1.5279108932890104
IDS,N/A,33,29472,1.3659558259776843
A*,Manhattan,23,1352,1.3681364746206435
A*,Misplaced Titles,23,19538,1.5365970835914686
IDS,N/A,29,31628,1.4294694796413487
A*,Manhattan,21,1154,1.39900518548424
A*,Misplaced Titles,21,8316,1.5369601038982894
IDS,N/A,29,851,1.2619206692187463
A*,Manhattan,21,908,1.3831243618074733
A*,Misplaced Titles,21,7762,1.5319226588770367
IDS,N/A,23,5857,1.4581827833951497
A*,Manhattan,23,2830,1.4127901915584635
A*,Misplaced Titles,23,18593,1.533288540904958
IDS,N/A,25,18749,1.4822420318313627
A*,Manhattan,24,2921,1.3944313823139758
A*,Misplaced Titles,24,30275,1.5371343921295135
IDS,N/A,28,13618,1.4049048269200493
A*,Manhattan,18,228,1.3520612944431225
A*,Misplaced Titles,18,1827,1.5177760554266555
IDS,N/A,28,15801,1.4123847525248039
A*,Manhattan,27,4999,1.3708681037423742
A*,Misplaced Titles,27,68451,1.5103866580114609
IDS,N/A,43,55678,1.289331922597643
A*,Manhattan,19,357,1.3625453274164772
A*,Misplaced Titles,19,3348,1.5329042335529945
IDS,N/A,25,15484,1.4709412477396164
A*,Manhattan,18,214,1.3473096855490567
A*,Misplaced Titles,18,1917,1.521836146337897
IDS,N/A,18,13949,1.6992308844597117
A*,Manhattan,23,1211,1.3616006352340693
A*,Misplaced Titles,25,37686,1.5242184060720416
IDS,N/A,23,17552,1.5294523093715815
A*,Manhattan,23,2515,1.4055602863136993
A*,Misplaced Titles,23,18604,1.5333279699643385
IDS,N/A,23,20925,1.54118587588144
A*,Manhattan,16,308,1.4306533620085284
A*,Misplaced Titles,16,974,1.5373931256000892
IDS,N/A,20,1495,1.4412259049372826
A*,Manhattan,18,336,1.381504112508984
A*,Misplaced Titles,18,1898,1.5209942320562369
IDS,N/A,18,5586,1.614999060282194
A*,Manhattan,23,2183,1.396935163104196
A*,Misplaced Titles,23,18663,1.5335390732792438
IDS,N/A,25,10767,1.4497188588610244
A*,Manhattan,24,2064,1.3743992322061407
A*,Misplaced Titles,24,24986,1.5248859536808816
IDS,N/A,24,16612,1.4991701052944548
A*,Manhattan,22,1234,1.3820199918340152
A*,Misplaced Titles,22,9561,1.5168127444605701
IDS,N/A,28,22728,1.430841316390492
A*,Manhattan,22,1225,1.381560227465535
A*,Misplaced Titles,20,5431,1.5372481891978906
IDS,N/A,24,24482,1.5235917787845004
A*,Manhattan,21,1479,1.415633611019351
A*,Misplaced Titles,21,7962,1.533779612299067
IDS,N/A,21,5568,1.5078794754545062
A*,Manhattan,24,2797,1.3919133047237426
A*,Misplaced Titles,24,21782,1.5161915540487363
IDS,N/A,36,26043,1.3263498225997055
A*,Manhattan,23,1065,1.3540163107867709
A*,Misplaced Titles,23,18102,1.5315054482011627
IDS,N/A,29,27939,1.4233693697717826
A*,Manhattan,18,244,1.3571653657980303
A*,Misplaced Titles,18,1828,1.5178221961521015
IDS,N/A,18,235,1.3543346578772117
A*,Manhattan,24,2134,1.3763105342279731
A*,Misplaced Titles,24,20441,1.5121826669725444
IDS,N/A,30,1471,1.2752257953885062
A*,Manhattan,16,207,1.3955588223808424
A*,Misplaced Titles,16,879,1.5275636125982461
IDS,N/A,20,962,1.4098040491990425
A*,Manhattan,23,1079,1.3547853682475
A*,Misplaced Titles,23,16270,1.524417081979223
IDS,N/A,31,3717,1.3036694905813684
A*,Manhattan,25,1225,1.3290014156356655
A*,Misplaced Titles,25,37395,1.5237458699904542
IDS,N/A,33,23123,1.3559502734354387
A*,Manhattan,28,10511,1.3919708614338069
A*,Misplaced Titles,28,75151,1.4932775202199107
IDS,N/A,32,9221,1.3301460012428459
A*,Manhattan,23,484,1.3083755117044067
A*,Misplaced Titles,23,16401,1.5249486916545043
IDS,N/A,31,8023,1.336430406430788
A*,Manhattan,19,141,1.297528170074119
A*,Misplaced Titles,19,2507,1.5097424264969144
IDS,N/A,19,4452,1.556070318295749
A*,Manhattan,15,176,1.4115648800880114
A*,Misplaced Titles,15,540,1.5211063662756792
IDS,N/A,15,2142,1.6674569533642483
A*,Manhattan,7,19,1.5229269982187534
A*,Misplaced Titles,7,26,1.5927185921716722
IDS,N/A,7,167,2.0774516476953027
A*,Manhattan,19,578,1.3975412102183165
A*,Misplaced Titles,19,3708,1.5411661414293905
IDS,N/A,31,26702,1.3892862428429233
A*,Manhattan,10,38,1.4387268865499157
A*,Misplaced Titles,10,73,1.5357915933617867
IDS,N/A,12,185,1.5450088710140018
A*,Manhattan,24,1959,1.371412493345738
A*,Misplaced Titles,24,30031,1.5366162020997114
IDS,N/A,28,27581,1.4407652149909522
A*,Manhattan,26,2386,1.3486846092732876
A*,Misplaced Titles,26,41578,1.5053885199867811
IDS,N/A,32,46147,1.3987963278826772
A*,Manhattan,23,1173,1.3597145337055354
A*,Misplaced Titles,23,18099,1.5314944119943783
IDS,N/A,35,102056,1.3903036811002172
A*,Manhattan,22,730,1.3494321069932864
A*,Misplaced Titles,22,10849,1.5255512600868566
IDS,N/A,24,6973,1.4459140774698769
A*,Manhattan,25,2061,1.356947732600191
A*,Misplaced Titles,25,35342,1.5203082243740542
IDS,N/A,37,80146,1.3568672097006282
A*,Manhattan,22,1017,1.3699237877475314
A*,Misplaced Titles,22,14573,1.5461521392892728
IDS,N/A,26,23972,1.4738394064503457
A*,Manhattan,13,81,1.4021889487005645
A*,Misplaced Titles,13,209,1.5082481151018534
IDS,N/A,13,122,1.4470689261798007
A*,Manhattan,28,7814,1.3773083902057597
A*,Misplaced Titles,28,84948,1.4998270576418948
IDS,N/A,30,84220,1.4594207202818745
A*,Manhattan,26,2757,1.3562023450839202
A*,Misplaced Titles,24,20392,1.5120314549596077
IDS,N/A,30,34103,1.416097272052851
A*,Manhattan,21,1212,1.402275861006846
A*,Misplaced Titles,21,8523,1.5387606468441088
IDS,N/A,23,22666,1.5465505700995337
A*,Manhattan,20,579,1.3744657688549269
A*,Misplaced Titles,20,4705,1.5262580985454337
IDS,N/A,28,12247,1.3995907429613563
A*,Manhattan,24,1693,1.363098918599884
A*,Misplaced Titles,24,20029,1.5109002837957377
IDS,N/A,24,19976,1.5107334851838046
A*,Manhattan,21,1077,1.3944123609100805
A*,Misplaced Titles,21,7920,1.533393366220195
IDS,N/A,31,47376,1.4152216513823137
A*,Manhattan,9,37,1.4936355304176858
A*,Misplaced Titles,9,54,1.5577156943237602
IDS,N/A,9,37,1.4936355304176858
A*,Manhattan,18,305,1.3740946785948214
A*,Misplaced Titles,18,2309,1.5376478494166728
IDS,N/A,22,3140,1.4419538058715158
A*,Manhattan,20,1047,1.4157850891356565
A*,Misplaced Titles,18,2437,1.5422637132071686
IDS,N/A,24,18425,1.505654451051394
A*,Manhattan,20,879,1.403458075364656
A*,Misplaced Titles,20,4550,1.5237038673140912
IDS,N/A,32,17908,1.358024863806868
A*,Manhattan,24,3639,1.4072597047181945
A*,Misplaced Titles,24,20881,1.5135251335195166
IDS,N/A,30,27066,1.4052301823503122
A*,Manhattan,28,10143,1.3902002822214046
A*,Misplaced Titles,28,85554,1.5002078719459069
IDS,N/A,44,22963,1.256360538292031
A*,Manhattan,27,9520,1.403967077963356
A*,Misplaced Titles,25,40276,1.5282762120882931
IDS,N/A,27,9556,1.4041633548740968
A*,Manhattan,23,762,1.334450258243182
A*,Misplaced Titles,23,18293,1.532204509782717
IDS,N/A,29,48676,1.4508801789307622
A*,Manhattan,22,1583,1.3977546659221618
A*,Misplaced Titles,20,6045,1.5455028677743665
IDS,N/A,24,38933,1.5533282637639148
A*,Manhattan,22,2014,1.4131378250781628
A*,Misplaced Titles,22,11299,1.5283720652866468
IDS,N/A,28,44887,1.4660445357935397
A*,Manhattan,23,1570,1.377057766012733
A*,Misplaced Titles,23,16816,1.5266063828159138
IDS,N/A,25,4853,1.40423699887588
A*,Manhattan,26,4833,1.385800283894769
A*,Misplaced Titles,26,52534,1.5189917065197263
IDS,N/A,38,3266,1.2372974276069468
A*,Manhattan,23,2593,1.4074280309681588
A*,Misplaced Titles,23,17076,1.5276251120499176
IDS,N/A,27,18914,1.440122330566574
A*,Manhattan,21,817,1.3761863338349207
A*,Misplaced Titles,21,8399,1.5376871321259544
IDS,N/A,29,36112,1.4360197006143018
A*,Manhattan,23,588,1.3194948813705365
A*,Misplaced Titles,23,17267,1.5283640765649171
IDS,N/A,29,8851,1.368053823328068
A*,Manhattan,24,1364,1.350881535043311
A*,Misplaced Titles,24,22984,1.5195887413700802
IDS,N/A,28,39076,1.458803475496461
A*,Manhattan,19,645,1.40563176816713
A*,Misplaced Titles,19,3935,1.5459933365681997
IDS,N/A,19,4769,1.5617137643564896
A*,Manhattan,24,2690,1.389652922182197
A*,Misplaced Titles,24,20953,1.5137422251442152
IDS,N/A,32,32507,1.3835640783688024
A*,Manhattan,23,1266,1.3642325958261339
A*,Misplaced Titles,21,8257,1.5364390863036053
IDS,N/A,33,51778,1.3894818781326006
A*,Manhattan,24,3661,1.4076131715585811
A*,Misplaced Titles,24,23660,1.521425230827054
IDS,N/A,28,45333,1.466562299232692
A*,Manhattan,24,1955,1.3712957028011397
A*,Misplaced Titles,22,10111,1.5206739136850815
IDS,N/A,32,47495,1.4000554826376113
A*,Manhattan,17,480,1.4378714904832444
A*,Misplaced Titles,17,1638,1.5455294611820378
IDS,N/A,17,1861,1.5571771488825126
A*,Manhattan,14,65,1.347391524522029
A*,Misplaced Titles,14,320,1.5098690546187088
IDS,N/A,14,1225,1.661809162655884
A*,Manhattan,26,2580,1.3527456390457762
A*,Misplaced Titles,26,45812,1.5110138070558317
IDS,N/A,32,43441,1.3961573570760384
A*,Manhattan,24,2057,1.3742046976475637
A*,Misplaced Titles,24,22058,1.5169872204711683
IDS,N/A,32,67341,1.4154148126593318
A*,Manhattan,26,4155,1.3777670963397126
A*,Misplaced Titles,26,41763,1.505645592747369
IDS,N/A,28,25590,1.4369150106578037
A*,Manhattan,25,2055,1.3567894970813101
A*,Misplaced Titles,23,16234,1.524270273573579
IDS,N/A,31,19793,1.3759325640689666
A*,Manhattan,22,1292,1.3849083168076717
A*,Misplaced Titles,20,6514,1.5512878381716118
IDS,N/A,22,49909,1.6351348878998557
A*,Manhattan,16,265,1.4172708902798752
A*,Misplaced Titles,16,1002,1.5401188366478622
IDS,N/A,16,3587,1.667902697404745
A*,Manhattan,23,873,1.34236365361311
A*,Misplaced Titles,23,16807,1.5265708499498891
IDS,N/A,27,53623,1.4967909620217223
A*,Manhattan,21,1126,1.3973697964463132
A*,Misplaced Titles,21,8797,1.5410809670121968
IDS,N/A,23,3992,1.434080403974926
A*,Manhattan,25,4599,1.4012206739623108
A*,Misplaced Titles,25,37463,1.5238566060642378
IDS,N/A,31,53835,1.421068428283779
A*,Manhattan,19,664,1.4077812028709498
A*,Misplaced Titles,19,3612,1.5390399069703546
IDS,N/A,23,16068,1.5235892696651994
A*,Manhattan,24,1644,1.3614318575215854
A*,Misplaced Titles,24,20251,1.5115943840507966
IDS,N/A,30,41974,1.4259337399869545
A*,Manhattan,22,718,1.3484158176054564
A*,Misplaced Titles,22,9713,1.5179006112368885
IDS,N/A,38,78506,1.3452816950740378
A*,Manhattan,20,540,1.3696818094354373
A*,Misplaced Titles,20,4384,1.5208750217575109
IDS,N/A,30,31313,1.4120741062288806
A*,Manhattan,20,532,1.3686600211744255
A*,Misplaced Titles,20,4759,1.527129213823158
IDS,N/A,26,26134,1.4787424290171438
A*,Manhattan,26,2662,1.3543745089315522
A*,Misplaced Titles,26,42859,1.5071464774458851
IDS,N/A,32,30035,1.380148645815827
A*,Manhattan,21,808,1.3754606173453172
A*,Misplaced Titles,21,8119,1.535206454646758
IDS,N/A,31,23791,1.3841227378398153
A*,Manhattan,27,4768,1.3684680926430632
A*,Misplaced Titles,27,76157,1.5163661033411753
IDS,N/A,31,35841,1.4025407480862866
A*,Manhattan,24,2647,1.3887201835628353
A*,Misplaced Titles,24,21475,1.5152950883532401
IDS,N/A,28,16987,1.4160402431409715
A*,Manhattan,25,2409,1.3654426750185058
A*,Misplaced Titles,25,35325,1.5202789660309903
IDS,N/A,31,76875,1.437493772426762
A*,Manhattan,18,280,1.367581521195325
A*,Misplaced Titles,18,2250,1.5354382740571997
IDS,N/A,22,13828,1.5424686112505812
A*,Manhattan,21,822,1.3765862264931163
A*,Misplaced Titles,21,7858,1.5328196131915826
IDS,N/A,21,9665,1.5480019986258733
A*,Manhattan,26,2395,1.348879918505224
A*,Misplaced Titles,26,43821,1.5084337529779877
IDS,N/A,28,12461,1.4004568955660706
A*,Manhattan,17,219,1.3730083651860654
A*,Misplaced Titles,17,1511,1.5382097390426877
IDS,N/A,25,12204,1.4570017988430255
A*,Manhattan,15,74,1.3323411699001624
A*,Misplaced Titles,15,561,1.524980150183447
IDS,N/A,15,5245,1.7700398044487933
A*,Manhattan,22,1029,1.370654422130462
A*,Misplaced Titles,22,8940,1.5121896137678585
IDS,N/A,32,17945,1.3581124585658226
A*,Manhattan,23,1245,1.3632408157532165
A*,Misplaced Titles,23,17197,1.5280941636999807
IDS,N/A,27,23209,1.4510787386686854
A*,Manhattan,23,2029,1.3924989347368097
A*,Misplaced Titles,23,17350,1.5286827631275646
IDS,N/A,33,55696,1.3925565766104409
A*,Manhattan,20,651,1.382544278998898
A*,Misplaced Titles,20,4319,1.5197395304803492
IDS,N/A,20,13822,1.6107514999245784
A*,Manhattan,23,2735,1.4106943515436512
A*,Misplaced Titles,21,8171,1.535673250770124
IDS,N/A,27,29388,1.4638203449958498
A*,Manhattan,23,2340,1.401159726709882
A*,Misplaced Titles,23,17481,1.5291827952995176
IDS,N/A,25,43242,1.5326261485429933
A*,Manhattan,19,879,1.4287188769960022
A*,Misplaced Titles,19,4091,1.5491600485566348
IDS,N/A,19,2898,1.521302938964569
A*,Manhattan,24,1337,1.3497566483400087
A*,Misplaced Titles,24,20693,1.5129548831679378
IDS,N/A,34,62809,1.3839432779078844
A*,Manhattan,21,947,1.3858969895144024
A*,Misplaced Titles,21,8304,1.5368544200386756
IDS,N/A,27,22104,1.4484594068641947
A*,Manhattan,24,659,1.3105498918894956
A*,Misplaced Titles,24,20653,1.5128329129354905
IDS,N/A,28,15500,1.411414918301555
A*,Manhattan,21,930,1.3847020363609766
A*,Misplaced Titles,21,8707,1.5403265024255133
IDS,N/A,27,1881,1.3221284757887752
A*,Manhattan,27,8871,1.4003003799103382
A*,Misplaced Titles,25,35616,1.5207779454741062
IDS,N/A,29,33282,1.4319842975477737
A*,Manhattan,22,606,1.3380613565241235
A*,Misplaced Titles,22,9801,1.5185230247199109
IDS,N/A,26,51667,1.5180197869971617
A*,Manhattan,26,6455,1.4013108060176367
A*,Misplaced Titles,26,49763,1.5158291416921978
IDS,N/A,28,7242,1.373574089904635
A*,Manhattan,17,305,1.4000233681753473
A*,Misplaced Titles,17,1232,1.5198496572172346
IDS,N/A,19,5837,1.5784124948636218
A*,Manhattan,14,40,1.3014660887231955
A*,Misplaced Titles,14,273,1.4928343432860656
IDS,N/A,14,871,1.6218149400273976
A*,Manhattan,24,2669,1.3891991979744234
A*,Misplaced Titles,24,21236,1.5145886448946118
IDS,N/A,28,34137,1.4517803217467786
A*,Manhattan,24,4500,1.4197673613503528
A*,Misplaced Titles,24,21272,1.5146955407109963
IDS,N/A,30,28816,1.408167953221651
A*,Manhattan,21,1043,1.3922839740831252
A*,Misplaced Titles,21,7742,1.5317344641980226
IDS,N/A,31,22710,1.3820480208490111
A*,Manhattan,24,1174,1.3424645843531682
A*,Misplaced Titles,24,21253,1.514639145097775
IDS,N/A,26,20258,1.4643278742966146
A*,Manhattan,18,465,1.4066687217105422
A*,Misplaced Titles,18,2006,1.5256778086900726
IDS,N/A,40,13364,1.2680851352010636
A*,Manhattan,25,5392,1.4101652076940077
A*,Misplaced Titles,25,39123,1.526501677838445
IDS,N/A,25,22502,1.4930998258668637
A*,Manhattan,22,1660,1.400775539544661
A*,Misplaced Titles,22,11199,1.5277546070161783
IDS,N/A,22,10563,1.523699839524851
A*,Manhattan,27,4098,1.3608146035848012
A*,Misplaced Titles,27,74562,1.5151778501766229
IDS,N/A,29,21943,1.4115616872273686
A*,Manhattan,21,404,1.3308018573896847
A*,Misplaced Titles,21,8004,1.53416392278332
IDS,N/A,25,35897,1.5212560772558923
A*,Manhattan,24,1205,1.3439232281808582
A*,Misplaced Titles,24,19835,1.5102876643469274
IDS,N/A,28,42198,1.4628136198457236
A*,Manhattan,23,2364,1.401781502553853
A*,Misplaced Titles,23,17274,1.5283910102604752
IDS,N/A,33,70579,1.4025861969464584
A*,Manhattan,18,152,1.321945444764731
A*,Misplaced Titles,18,1885,1.5204135868187363
IDS,N/A,18,4098,1.5874441030518904
